<?xml version="1.0" encoding="UTF-8" standalone="no"?>
<!DOCTYPE properties SYSTEM "http://java.sun.com/dtd/properties.dtd">
<properties>
<comment/>
<entry key="Name5">$1</entry>
<entry key="Name4">50C</entry>
<entry key="Name3">20C</entry>
<entry key="Name2">10C</entry>
<entry key="Name1">5C</entry>
<entry key="Value5">100</entry>
<entry key="Value4">50</entry>
<entry key="NumOfItems">5</entry>
<entry key="Value3">20</entry>
<entry key="Value2">10</entry>
<entry key="Value1">5</entry>
<entry key="Quantity5">10</entry>
<entry key="Quantity4">12</entry>
<entry key="Quantity3">8</entry>
<entry key="Quantity2">10</entry>
<entry key="Quantity1">10</entry>
<entry key="Weight5">42.2</entry>
<entry key="Weight4">35.0</entry>
<entry key="Weight3">18.5</entry>
<entry key="Weight2">10.9</entry>
<entry key="Weight1">7.1</entry>
</properties>
