<?xml version="1.0" encoding="UTF-8" standalone="no"?>
<!DOCTYPE properties SYSTEM "http://java.sun.com/dtd/properties.dtd">
<properties>
<comment/>
<entry key="Name6">Soya Bean</entry>
<entry key="Name5">Coca-Cola</entry>
<entry key="Name4">Soya Bean</entry>
<entry key="Name3">Sarsi</entry>
<entry key="Name2">Fanta</entry>
<entry key="Name1">Coca-Cola</entry>
<entry key="NumOfItems">6</entry>
<entry key="Quantity6">20</entry>
<entry key="Quantity5">10</entry>
<entry key="Quantity4">10</entry>
<entry key="Quantity3">15</entry>
<entry key="Quantity2">18</entry>
<entry key="Quantity1">45</entry>
<entry key="Price6">90</entry>
<entry key="Price5">100</entry>
<entry key="Price4">90</entry>
<entry key="Price3">60</entry>
<entry key="Price2">65</entry>
<entry key="Price1">100</entry>
</properties>
